{
  "iri": "d54a372a-b13d-479f-b8d8-2ce4c9a06b25",
  "types": [
    "http://dataspecer.com/resources/local/package"
  ],
  "userMetadata": {
    "label": {
      "en": "Czech Core Metadata Model"
    },
    "description": {
      "en": "Application profile of Czech Core Metadata Model."
    }
  },
  "metadata": {
    "creationDate": "2025-12-16T19:40:26.174Z",
    "modificationDate": "2025-12-18T13:57:30.120Z"
  },
  "_version": 1,
  "_exportVersion": 1,
  "_exportedAt": "2025-12-18T13:57:46.329Z",
  "_exportedBy": "http://localhost:3100"
}