{
  "iri": "0f477e04-ab77-479a-ba9f-5d8ae8ffafbe",
  "types": [
    "http://dataspecer.com/resources/v1/psm"
  ],
  "userMetadata": {
    "label": {
      "en": "Related resource",
      "cs": "Related resource"
    },
    "description": {
      "en": "Data structure for Related resource. Resource represents any resource, physical or digital, that is related to the described dataset. ",
      "cs": "Datová struktura pro Related resource. Resource represents any resource, physical or digital, that is related to the described dataset. "
    }
  },
  "metadata": {
    "creationDate": "2025-12-16T19:40:40.601Z",
    "modificationDate": "2025-12-18T13:57:26.676Z"
  },
  "_version": 1,
  "_exportVersion": 1,
  "_exportedAt": "2025-12-18T13:57:46.329Z",
  "_exportedBy": "http://localhost:3100"
}