{
  "iri": "1ddb5403-d555-4254-9b88-fccc7d9b8ad6",
  "types": [
    "http://dataspecer.com/resources/v1/psm"
  ],
  "userMetadata": {
    "label": {
      "en": "Distribution - data service",
      "cs": "Distribution - data service"
    },
    "description": {
      "en": "Data structure for Distribution - data service. Physical embodiment of the dataset distribution as a particular data service. ",
      "cs": "Datová struktura pro Distribution - data service. Physical embodiment of the dataset distribution as a particular data service. "
    }
  },
  "metadata": {
    "creationDate": "2025-12-16T19:40:37.838Z",
    "modificationDate": "2025-12-18T13:57:26.963Z"
  },
  "_version": 1,
  "_exportVersion": 1,
  "_exportedAt": "2025-12-18T13:57:46.306Z",
  "_exportedBy": "http://localhost:3100"
}