{
  "operations": [
    {
      "types": [
        "core-operation",
        "https://ofn.gov.cz/slovník/psm/CreateClass"
      ],
      "iri": "https://ofn.gov.cz/operation/1747685414671-5d19-9f52-8868",
      "parent": null,
      "dataPsmNewIri": null,
      "dataPsmInterpretation": "4y8n73jfh2hmav861ol",
      "dataPsmTechnicalLabel": "access_rights",
      "dataPsmHumanLabel": null,
      "dataPsmHumanDescription": null,
      "dataPsmExtends": [],
      "dataPsmIsClosed": null
    },
    {
      "types": [
        "core-operation",
        "https://ofn.gov.cz/slovník/psm/SetRoots"
      ],
      "iri": "https://ofn.gov.cz/operation/1747685414698-a076-57c3-8761",
      "parent": "https://ofn.gov.cz/operation/1747685414671-5d19-9f52-8868",
      "dataPsmRoots": [
        "https://ofn.gov.cz/class/1747685414671-e5e1-7f82-b427"
      ]
    },
    {
      "types": [
        "core-operation",
        "https://ofn.gov.cz/slovník/psm/SetHumanLabel"
      ],
      "iri": "https://ofn.gov.cz/operation/1747685414725-c281-d5d0-b4d3",
      "parent": "https://ofn.gov.cz/operation/1747685414698-a076-57c3-8761",
      "dataPsmResource": "269ef730-dd16-4bef-acaf-58fb3d250259",
      "dataPsmHumanLabel": {
        "en": "Access rights",
        "cs": "Access rights"
      }
    },
    {
      "types": [
        "core-operation",
        "https://ofn.gov.cz/slovník/psm/SetHumanDescription"
      ],
      "iri": "https://ofn.gov.cz/operation/1747685414755-eab1-5e40-bccd",
      "parent": "https://ofn.gov.cz/operation/1747685414725-c281-d5d0-b4d3",
      "dataPsmResource": "269ef730-dd16-4bef-acaf-58fb3d250259",
      "dataPsmHumanDescription": {
        "en": "Data structure for Access rights. Access rights to the resource.",
        "cs": "Datová struktura pro Access rights. Access rights to the resource."
      }
    },
    {
      "types": [
        "core-operation",
        "https://ofn.gov.cz/slovník/psm/CreateAttribute"
      ],
      "iri": "https://ofn.gov.cz/operation/1747685418727-1582-3528-8a15",
      "parent": "https://ofn.gov.cz/operation/1747685414755-eab1-5e40-bccd",
      "dataPsmNewIri": null,
      "dataPsmInterpretation": "ep2efv4btdmav8htsm",
      "dataPsmTechnicalLabel": "label",
      "dataPsmHumanLabel": null,
      "dataPsmHumanDescription": null,
      "dataPsmOwner": "https://ofn.gov.cz/class/1747685414671-e5e1-7f82-b427",
      "dataPsmDatatype": "http://www.w3.org/1999/02/22-rdf-syntax-ns#langString"
    },
    {
      "types": [
        "core-operation",
        "https://ofn.gov.cz/slovník/psm/SetInstancesHaveIdentity"
      ],
      "iri": "https://ofn.gov.cz/operation/1750770757961-f228-d1e5-8045",
      "parent": "https://ofn.gov.cz/operation/1747685418727-1582-3528-8a15",
      "dataPsmClass": "https://ofn.gov.cz/class/1747685414671-e5e1-7f82-b427",
      "instancesHaveIdentity": "ALWAYS"
    },
    {
      "types": [
        "core-operation",
        "https://ofn.gov.cz/slovník/psm/extensions/xml/setNamespace"
      ],
      "iri": "https://ofn.gov.cz/operation/1753449010540-82a8-dd54-ac76",
      "parent": "https://ofn.gov.cz/operation/1750770757961-f228-d1e5-8045",
      "dataPsmSchema": "269ef730-dd16-4bef-acaf-58fb3d250259",
      "namespace": "https://schema.ccmm.cz/access-rights",
      "namespacePrefix": "ccmm-ar"
    },
    {
      "types": [
        "core-operation",
        "https://ofn.gov.cz/slovník/psm/SetJsonEnforceContext"
      ],
      "iri": "https://ofn.gov.cz/operation/1753449010569-86ce-2b50-bdb8",
      "parent": "https://ofn.gov.cz/operation/1753449010540-82a8-dd54-ac76",
      "dataPsmEntity": "269ef730-dd16-4bef-acaf-58fb3d250259",
      "jsonEnforceContext": "no"
    },
    {
      "types": [
        "core-operation",
        "https://ofn.gov.cz/slovník/psm/extensions/xml/setNamespace"
      ],
      "iri": "https://ofn.gov.cz/operation/1754378501284-2998-7cfc-ab72",
      "parent": "https://ofn.gov.cz/operation/1753449010569-86ce-2b50-bdb8",
      "dataPsmSchema": "269ef730-dd16-4bef-acaf-58fb3d250259",
      "namespace": "https://schema.ccmm.cz/research-data/1.0.0",
      "namespacePrefix": "ccmm"
    },
    {
      "types": [
        "core-operation",
        "https://ofn.gov.cz/slovník/psm/extensions/xml/setNamespace"
      ],
      "iri": "https://ofn.gov.cz/operation/1754410354171-020d-0fd1-9b97",
      "parent": "https://ofn.gov.cz/operation/1754378501284-2998-7cfc-ab72",
      "dataPsmSchema": "269ef730-dd16-4bef-acaf-58fb3d250259",
      "namespace": "https://schema.ccmm.cz/research-data/1.0",
      "namespacePrefix": "ccmm"
    },
    {
      "types": [
        "core-operation",
        "https://ofn.gov.cz/slovník/psm/extensions/xml/setNamespace"
      ],
      "iri": "https://ofn.gov.cz/operation/1763039647002-2978-5bdf-979e",
      "parent": "https://ofn.gov.cz/operation/1754410354171-020d-0fd1-9b97",
      "dataPsmSchema": "269ef730-dd16-4bef-acaf-58fb3d250259",
      "namespace": "https://schema.ccmm.cz/research-data/1.1",
      "namespacePrefix": "ccmm"
    }
  ],
  "resources": {
    "269ef730-dd16-4bef-acaf-58fb3d250259": {
      "types": [
        "https://ofn.gov.cz/slovník/psm/Schema"
      ],
      "iri": "269ef730-dd16-4bef-acaf-58fb3d250259",
      "dataPsmHumanLabel": {
        "en": "Access rights",
        "cs": "Access rights"
      },
      "dataPsmHumanDescription": {
        "en": "Data structure for Access rights. Access rights to the resource.",
        "cs": "Datová struktura pro Access rights. Access rights to the resource."
      },
      "dataPsmTechnicalLabel": null,
      "dataPsmRoots": [
        "https://ofn.gov.cz/class/1747685414671-e5e1-7f82-b427"
      ],
      "dataPsmParts": [
        "https://ofn.gov.cz/class/1747685414671-e5e1-7f82-b427",
        "https://ofn.gov.cz/attribute/1747685418726-1d6e-ecd8-ae40"
      ],
      "extensions": {
        "https://ofn.gov.cz/slovník/psm/extensions/xml": {
          "namespace": "https://schema.ccmm.cz/research-data/1.1",
          "namespacePrefix": "ccmm"
        }
      },
      "jsonEnforceContext": "no"
    },
    "https://ofn.gov.cz/class/1747685414671-e5e1-7f82-b427": {
      "types": [
        "https://ofn.gov.cz/slovník/psm/Class"
      ],
      "iri": "https://ofn.gov.cz/class/1747685414671-e5e1-7f82-b427",
      "dataPsmHumanLabel": null,
      "dataPsmHumanDescription": null,
      "dataPsmTechnicalLabel": "access_rights",
      "dataPsmInterpretation": "4y8n73jfh2hmav861ol",
      "dataPsmExtends": [],
      "dataPsmParts": [
        "https://ofn.gov.cz/attribute/1747685418726-1d6e-ecd8-ae40"
      ],
      "dataPsmIsClosed": null,
      "instancesHaveIdentity": "ALWAYS"
    },
    "https://ofn.gov.cz/attribute/1747685418726-1d6e-ecd8-ae40": {
      "types": [
        "https://ofn.gov.cz/slovník/psm/Attribute"
      ],
      "iri": "https://ofn.gov.cz/attribute/1747685418726-1d6e-ecd8-ae40",
      "dataPsmHumanLabel": null,
      "dataPsmHumanDescription": null,
      "dataPsmTechnicalLabel": "label",
      "dataPsmInterpretation": "ep2efv4btdmav8htsm",
      "dataPsmDatatype": "http://www.w3.org/1999/02/22-rdf-syntax-ns#langString"
    }
  }
}