{
  "iri": "282565c4-4d69-4dea-9432-9a2cdfcb15a4",
  "types": [
    "http://dataspecer.com/resources/v1/psm"
  ],
  "userMetadata": {
    "label": {
      "cs": "Checksum",
      "en": "Checksum"
    },
    "description": {
      "cs": "Datová struktura pro Checksum. A value that allows the contents of a file to be authenticated.",
      "en": "Data structure for Checksum. A value that allows the contents of a file to be authenticated."
    }
  },
  "metadata": {
    "creationDate": "2025-12-16T19:40:30.491Z",
    "modificationDate": "2025-12-18T13:57:25.668Z"
  },
  "_version": 1,
  "_exportVersion": 1,
  "_exportedAt": "2025-12-18T13:57:46.234Z",
  "_exportedBy": "http://localhost:3100"
}