{
  "iri": "2fea9b2a-6741-4b89-9438-99181dc0c6f9",
  "types": [
    "http://dataspecer.com/resources/v1/psm"
  ],
  "userMetadata": {
    "label": {
      "en": "License Document",
      "cs": "License Document"
    },
    "description": {
      "en": "Data structure for License Document. A legal document giving official permission to do something with a resource.",
      "cs": "Datová struktura pro License Document. A legal document giving official permission to do something with a resource."
    }
  },
  "metadata": {
    "creationDate": "2025-12-16T19:40:30.800Z",
    "modificationDate": "2025-12-18T13:57:25.868Z"
  },
  "_version": 1,
  "_exportVersion": 1,
  "_exportedAt": "2025-12-18T13:57:46.238Z",
  "_exportedBy": "http://localhost:3100"
}