{
  "iri": "39c6cf99-ac66-4d0c-bbcc-129ac6daeccb",
  "types": [
    "http://dataspecer.com/resources/v1/psm"
  ],
  "userMetadata": {
    "label": {
      "cs": "Documentation",
      "en": "Documentation"
    },
    "description": {
      "cs": "Datová struktura pro Documentation. A textual resource intended for human consumption that contains information about the data service.",
      "en": "Data structure for Documentation. A textual resource intended for human consumption that contains information about the data service."
    }
  },
  "metadata": {
    "creationDate": "2025-12-16T19:40:30.183Z",
    "modificationDate": "2025-12-18T13:57:25.543Z"
  },
  "_version": 1,
  "_exportVersion": 1,
  "_exportedAt": "2025-12-18T13:57:46.232Z",
  "_exportedBy": "http://localhost:3100"
}