{
  "iri": "536262be-2e24-4acb-a4c5-78bd2d237257",
  "types": [
    "http://dataspecer.com/resources/v1/psm"
  ],
  "userMetadata": {
    "label": {
      "en": "Date type",
      "cs": "Date type"
    },
    "description": {
      "en": "Data structure for Date type. Type of a date in relation to the resource.",
      "cs": "Datová struktura pro Date type. Type of a date in relation to the resource."
    }
  },
  "metadata": {
    "creationDate": "2025-12-16T19:40:30.952Z",
    "modificationDate": "2025-12-18T13:57:25.893Z"
  },
  "_version": 1,
  "_exportVersion": 1,
  "_exportedAt": "2025-12-18T13:57:46.239Z",
  "_exportedBy": "http://localhost:3100"
}