{
  "iri": "b10e107b-3c7b-4b64-8900-3d32873e7d1b",
  "types": [
    "http://dataspecer.com/resources/v1/psm"
  ],
  "userMetadata": {
    "label": {
      "cs": "Subject scheme",
      "en": "Subject scheme"
    },
    "description": {
      "cs": "Datová struktura pro Subject scheme. Collection of subjects (keywords, concepts, classification codes) curated by a single source.",
      "en": "Data structure for Subject scheme. Collection of subjects (keywords, concepts, classification codes) curated by a single source."
    }
  },
  "metadata": {
    "creationDate": "2025-12-16T19:40:28.681Z",
    "modificationDate": "2025-12-18T13:57:24.943Z"
  },
  "_version": 1,
  "_exportVersion": 1,
  "_exportedAt": "2025-12-18T13:57:46.221Z",
  "_exportedBy": "http://localhost:3100"
}