{
  "iri": "d19697d9-b1fe-427a-874b-0a537119a6e7",
  "types": [
    "http://dataspecer.com/resources/local/visual-model"
  ],
  "userMetadata": {
    "label": {
      "en": "View for Czech Core Metadata Model"
    },
    "description": {
      "en": "View model for the profile"
    }
  },
  "metadata": {
    "creationDate": "2025-12-16T19:40:26.457Z",
    "modificationDate": "2025-12-16T19:40:26.654Z"
  },
  "_version": 1,
  "_exportVersion": 1,
  "_exportedAt": "2025-12-18T13:57:46.157Z",
  "_exportedBy": "http://localhost:3100"
}