{
  "iri": "d54a372a-b13d-479f-b8d8-2ce4c9a06b25/ba5af4f1-ab6a-427a-8c6f-c74256a51bad",
  "types": [
    "http://dataspecer.com/resources/local/package"
  ],
  "userMetadata": {
    "label": {
      "en": "Czech Core Metadata Vocabulary"
    },
    "description": {},
    "importedFromUrl": "https://techlib.github.io/CCMM-V/en/",
    "documentBaseUrl": "https://techlib.github.io/CCMM-V/en/"
  },
  "metadata": {
    "creationDate": "2025-12-16T19:40:38.603Z",
    "modificationDate": "2025-12-18T13:57:28.309Z"
  },
  "_version": 1,
  "_exportVersion": 1,
  "_exportedAt": "2025-12-18T13:57:46.328Z",
  "_exportedBy": "http://localhost:3100"
}