{
  "iri": "d54a372a-b13d-479f-b8d8-2ce4c9a06b25/ba5af4f1-ab6a-427a-8c6f-c74256a51bad/7dbe5ecf-ad9f-4d35-9662-518e0c20623a",
  "types": [
    "https://dataspecer.com/core/model-descriptor/pim-store-wrapper"
  ],
  "userMetadata": {
    "documentBaseUrl": "https://www.dublincore.org/specifications/dublin-core/dcmi-terms/dublin_core_terms.ttl",
    "label": {
      "en": "dublin_core_terms"
    }
  },
  "metadata": {
    "creationDate": "2025-12-16T19:40:39.436Z",
    "modificationDate": "2025-12-18T13:57:27.842Z"
  },
  "_version": 1,
  "_exportVersion": 1,
  "_exportedAt": "2025-12-18T13:57:46.319Z",
  "_exportedBy": "http://localhost:3100"
}