{
  "iri": "d54a372a-b13d-479f-b8d8-2ce4c9a06b25/ba5af4f1-ab6a-427a-8c6f-c74256a51bad/b4fc49a4-fe7b-4c2d-8eaa-23973515e7ae",
  "types": [
    "https://dataspecer.com/core/model-descriptor/pim-store-wrapper"
  ],
  "userMetadata": {
    "documentBaseUrl": "https://michalmed.github.io/DataCite/en/model.owl.ttl",
    "label": {
      "en": "model"
    }
  },
  "metadata": {
    "creationDate": "2025-12-16T19:40:39.828Z",
    "modificationDate": "2025-12-18T13:57:27.697Z"
  },
  "_version": 1,
  "_exportVersion": 1,
  "_exportedAt": "2025-12-18T13:57:46.323Z",
  "_exportedBy": "http://localhost:3100"
}