{
  "iri": "d54a372a-b13d-479f-b8d8-2ce4c9a06b25/ba5af4f1-ab6a-427a-8c6f-c74256a51bad/b646cadb-dfed-42ff-af00-3b86b2d5345d",
  "types": [
    "https://dataspecer.com/core/model-descriptor/pim-store-wrapper"
  ],
  "userMetadata": {
    "documentBaseUrl": "https://datagov-cz.github.io/cache-slovniku/rdf.ttl",
    "label": {
      "en": "rdf"
    }
  },
  "metadata": {
    "creationDate": "2025-12-16T19:40:38.667Z",
    "modificationDate": "2025-12-18T13:57:28.213Z"
  },
  "_version": 1,
  "_exportVersion": 1,
  "_exportedAt": "2025-12-18T13:57:46.313Z",
  "_exportedBy": "http://localhost:3100"
}