{
  "iri": "d54a372a-b13d-479f-b8d8-2ce4c9a06b25/ba5af4f1-ab6a-427a-8c6f-c74256a51bad/b655c61a-4d6c-4bff-8a3b-f7eea9887591",
  "types": [
    "https://dataspecer.com/core/model-descriptor/pim-store-wrapper"
  ],
  "userMetadata": {
    "documentBaseUrl": "https://datagov-cz.github.io/cache-slovniku/skos.rdf",
    "label": {
      "en": "skos"
    }
  },
  "metadata": {
    "creationDate": "2025-12-16T19:40:40.218Z",
    "modificationDate": "2025-12-18T13:57:27.525Z"
  },
  "_version": 1,
  "_exportVersion": 1,
  "_exportedAt": "2025-12-18T13:57:46.326Z",
  "_exportedBy": "http://localhost:3100"
}