{
  "iri": "025aae80-178f-419f-8eac-a3281f3e4771",
  "types": [
    "http://dataspecer.com/resources/v1/psm"
  ],
  "userMetadata": {
    "label": {
      "en": "Resource type",
      "cs": "Resource type"
    },
    "description": {
      "en": "Data structure for Resource type. Type of the resource.",
      "cs": "Datová struktura pro Resource type. Type of the resource."
    }
  },
  "metadata": {
    "creationDate": "2025-10-20T15:13:37.268Z",
    "modificationDate": "2025-10-24T10:14:39.281Z"
  },
  "_version": 1,
  "_exportVersion": 1,
  "_exportedAt": "2025-10-24T10:26:59.206Z",
  "_exportedBy": "http://localhost:3100"
}