{
  "iri": "269ef730-dd16-4bef-acaf-58fb3d250259",
  "types": [
    "http://dataspecer.com/resources/v1/psm"
  ],
  "userMetadata": {
    "label": {
      "en": "Access rights",
      "cs": "Access rights"
    },
    "description": {
      "en": "Data structure for Access rights. Access rights to the resource.",
      "cs": "Datová struktura pro Access rights. Access rights to the resource."
    }
  },
  "metadata": {
    "creationDate": "2025-10-20T15:13:37.876Z",
    "modificationDate": "2025-10-24T10:14:39.615Z"
  },
  "_version": 1,
  "_exportVersion": 1,
  "_exportedAt": "2025-10-24T10:26:59.210Z",
  "_exportedBy": "http://localhost:3100"
}