{
  "iri": "282565c4-4d69-4dea-9432-9a2cdfcb15a4",
  "types": [
    "http://dataspecer.com/resources/v1/psm"
  ],
  "userMetadata": {
    "label": {
      "cs": "Checksum",
      "en": "Checksum"
    },
    "description": {
      "cs": "Datová struktura pro Checksum. A value that allows the contents of a file to be authenticated.",
      "en": "Data structure for Checksum. A value that allows the contents of a file to be authenticated."
    }
  },
  "metadata": {
    "creationDate": "2025-10-20T15:13:36.512Z",
    "modificationDate": "2025-10-24T10:14:39.013Z"
  },
  "_version": 1,
  "_exportVersion": 1,
  "_exportedAt": "2025-10-24T10:26:59.202Z",
  "_exportedBy": "http://localhost:3100"
}