{
  "iri": "45f5c6ef-338b-46df-bcae-e5535e444282",
  "types": [
    "http://dataspecer.com/resources/v1/psm"
  ],
  "userMetadata": {
    "label": {
      "en": "Description type",
      "cs": "Description type"
    },
    "description": {
      "en": "Data structure for Description type. The type of the description.",
      "cs": "Datová struktura pro Description type. The type of the description."
    }
  },
  "metadata": {
    "creationDate": "2025-10-20T15:13:43.462Z",
    "modificationDate": "2025-10-24T10:14:39.971Z"
  },
  "_version": 1,
  "_exportVersion": 1,
  "_exportedAt": "2025-10-24T10:26:59.260Z",
  "_exportedBy": "http://localhost:3100"
}