{
  "iri": "6b12e77a-aa55-4287-9040-782a3a77caab",
  "types": [
    "http://dataspecer.com/resources/local/semantic-model"
  ],
  "userMetadata": {
    "label": {
      "en": "Czech Core Metadata Model"
    },
    "description": {
      "en": "Semantic model for the profile"
    }
  },
  "metadata": {
    "creationDate": "2025-10-20T15:13:31.767Z",
    "modificationDate": "2025-10-24T10:26:38.378Z"
  },
  "_version": 1,
  "_exportVersion": 1,
  "_exportedAt": "2025-10-24T10:26:59.127Z",
  "_exportedBy": "http://localhost:3100"
}