{
  "iri": "705d6938-ccbf-437c-896a-25a16bdccb58",
  "types": [
    "http://dataspecer.com/resources/v1/psm"
  ],
  "userMetadata": {
    "label": {
      "en": "Time interval",
      "cs": "Time interval"
    },
    "description": {
      "en": "Data structure for Time interval. A temporal entity with an extent or duration",
      "cs": "Datová struktura pro Time interval. A temporal entity with an extent or duration"
    }
  },
  "metadata": {
    "creationDate": "2025-10-20T15:13:38.913Z",
    "modificationDate": "2025-10-24T10:14:39.880Z"
  },
  "_version": 1,
  "_exportVersion": 1,
  "_exportedAt": "2025-10-24T10:26:59.220Z",
  "_exportedBy": "http://localhost:3100"
}