{
  "iri": "718788b3-9510-4776-a6a7-023759fff97d",
  "types": [
    "http://dataspecer.com/resources/v1/psm"
  ],
  "userMetadata": {
    "label": {
      "cs": "Datová sada",
      "en": "Dataset"
    },
    "description": {
      "cs": "Datová struktura pro Datová sada. Kolekce dat poskytovaná či řízená jedním zdrojem, která je k dispozici pro přístup či stažení v jednom či více formátech.",
      "en": "Data structure for Dataset. A collection of data, published or curated by a single source, and available for access or download in one or more representations."
    }
  },
  "metadata": {
    "creationDate": "2025-10-20T15:13:35.599Z",
    "modificationDate": "2025-10-24T10:14:38.604Z"
  },
  "_version": 1,
  "_exportVersion": 1,
  "_exportedAt": "2025-10-24T10:26:59.193Z",
  "_exportedBy": "http://localhost:3100"
}