{
  "iri": "ce8faedb-2532-4b13-a002-8e79803a7d75",
  "types": [
    "http://dataspecer.com/resources/v1/psm"
  ],
  "userMetadata": {
    "label": {
      "en": "Description",
      "cs": "Description"
    },
    "description": {
      "en": "Data structure for Description. All additional information that does not fit in any of the other categories. May be used for technical information or detailed information associated with a scientific instrument.",
      "cs": "Datová struktura pro Description. All additional information that does not fit in any of the other categories. May be used for technical information or detailed information associated with a scientific instrument."
    }
  },
  "metadata": {
    "creationDate": "2025-10-20T15:13:43.611Z",
    "modificationDate": "2025-10-24T10:14:39.900Z"
  },
  "_version": 1,
  "_exportVersion": 1,
  "_exportedAt": "2025-10-24T10:26:59.261Z",
  "_exportedBy": "http://localhost:3100"
}