{
  "iri": "d19697d9-b1fe-427a-874b-0a537119a6e7",
  "types": [
    "http://dataspecer.com/resources/local/visual-model"
  ],
  "userMetadata": {
    "label": {
      "en": "View for Czech Core Metadata Model"
    },
    "description": {
      "en": "View model for the profile"
    }
  },
  "metadata": {
    "creationDate": "2025-10-20T15:13:31.942Z",
    "modificationDate": "2025-10-24T10:26:46.427Z"
  },
  "_version": 1,
  "_exportVersion": 1,
  "_exportedAt": "2025-10-24T10:26:59.131Z",
  "_exportedBy": "http://localhost:3100"
}