{
  "iri": "0924c170-1941-4f1b-8f29-cf8a5cdd8362",
  "types": [
    "http://dataspecer.com/resources/v1/psm"
  ],
  "userMetadata": {
    "label": {
      "en": "Distribution - downloadable file",
      "cs": "Distribution - downloadable file"
    },
    "description": {
      "en": "Data structure for Distribution - downloadable file. Physical embodiment of the dataset in a particular format. ",
      "cs": "Datová struktura pro Distribution - downloadable file. Physical embodiment of the dataset in a particular format. "
    }
  },
  "metadata": {
    "creationDate": "2025-11-02T09:49:33.532Z",
    "modificationDate": "2025-11-02T19:33:58.418Z"
  },
  "_version": 1,
  "_exportVersion": 1,
  "_exportedAt": "2025-11-02T19:34:49.390Z",
  "_exportedBy": "http://localhost:3100"
}