{
  "operations": [
    {
      "types": [
        "core-operation",
        "https://ofn.gov.cz/slovník/psm/CreateClass"
      ],
      "iri": "https://ofn.gov.cz/operation/1762018020967-c4c5-7bbc-9a52",
      "parent": null,
      "dataPsmNewIri": null,
      "dataPsmInterpretation": "h4ilxa28tx7m7yh5ur6",
      "dataPsmTechnicalLabel": "distribution_-_downloadable_file",
      "dataPsmHumanLabel": null,
      "dataPsmHumanDescription": null,
      "dataPsmExtends": [],
      "dataPsmIsClosed": null
    },
    {
      "types": [
        "core-operation",
        "https://ofn.gov.cz/slovník/psm/SetRoots"
      ],
      "iri": "https://ofn.gov.cz/operation/1762018020991-1b11-a419-9b64",
      "parent": "https://ofn.gov.cz/operation/1762018020967-c4c5-7bbc-9a52",
      "dataPsmRoots": [
        "https://ofn.gov.cz/class/1762018020967-1861-7f29-8ecd"
      ]
    },
    {
      "types": [
        "core-operation",
        "https://ofn.gov.cz/slovník/psm/SetHumanLabel"
      ],
      "iri": "https://ofn.gov.cz/operation/1762018021015-afa8-c58a-87d5",
      "parent": "https://ofn.gov.cz/operation/1762018020991-1b11-a419-9b64",
      "dataPsmResource": "0924c170-1941-4f1b-8f29-cf8a5cdd8362",
      "dataPsmHumanLabel": {
        "en": "Distribution - downloadable file",
        "cs": "Distribution - downloadable file"
      }
    },
    {
      "types": [
        "core-operation",
        "https://ofn.gov.cz/slovník/psm/SetHumanDescription"
      ],
      "iri": "https://ofn.gov.cz/operation/1762018021038-9e88-52f5-9748",
      "parent": "https://ofn.gov.cz/operation/1762018021015-afa8-c58a-87d5",
      "dataPsmResource": "0924c170-1941-4f1b-8f29-cf8a5cdd8362",
      "dataPsmHumanDescription": {
        "en": "Data structure for Distribution - downloadable file. Physical embodiment of the dataset in a particular format. ",
        "cs": "Datová struktura pro Distribution - downloadable file. Physical embodiment of the dataset in a particular format. "
      }
    },
    {
      "types": [
        "core-operation",
        "https://ofn.gov.cz/slovník/psm/SetJsonEnforceContext"
      ],
      "iri": "https://ofn.gov.cz/operation/1762018031518-d273-237b-b412",
      "parent": "https://ofn.gov.cz/operation/1762018021038-9e88-52f5-9748",
      "dataPsmEntity": "0924c170-1941-4f1b-8f29-cf8a5cdd8362",
      "jsonEnforceContext": "no"
    },
    {
      "types": [
        "core-operation",
        "https://ofn.gov.cz/slovník/psm/SetTechnicalLabel"
      ],
      "iri": "https://ofn.gov.cz/operation/1762018031592-80ab-e46e-b277",
      "parent": "https://ofn.gov.cz/operation/1762018031518-d273-237b-b412",
      "dataPsmResource": "https://ofn.gov.cz/class/1762018020967-1861-7f29-8ecd",
      "dataPsmTechnicalLabel": "distribution_downloadable_file"
    },
    {
      "types": [
        "core-operation",
        "https://ofn.gov.cz/slovník/psm/CreateAttribute"
      ],
      "iri": "https://ofn.gov.cz/operation/1762023518042-b09f-1bb3-bf30",
      "parent": "https://ofn.gov.cz/operation/1762018031592-80ab-e46e-b277",
      "dataPsmNewIri": null,
      "dataPsmInterpretation": "7ks7cjyp32bm7xj7x27",
      "dataPsmTechnicalLabel": "title",
      "dataPsmHumanLabel": null,
      "dataPsmHumanDescription": null,
      "dataPsmOwner": "https://ofn.gov.cz/class/1762018020967-1861-7f29-8ecd",
      "dataPsmDatatype": "http://www.w3.org/2001/XMLSchema#string"
    },
    {
      "types": [
        "core-operation",
        "https://ofn.gov.cz/slovník/psm/CreateClass"
      ],
      "iri": "https://ofn.gov.cz/operation/1762023518067-e00f-410c-908e",
      "parent": "https://ofn.gov.cz/operation/1762023518042-b09f-1bb3-bf30",
      "dataPsmNewIri": null,
      "dataPsmInterpretation": "zpmrilt6hnm7yl9ajh",
      "dataPsmTechnicalLabel": "file",
      "dataPsmHumanLabel": null,
      "dataPsmHumanDescription": null,
      "dataPsmExtends": [],
      "dataPsmIsClosed": null
    },
    {
      "types": [
        "core-operation",
        "https://ofn.gov.cz/slovník/psm/CreateAssociationEnd"
      ],
      "iri": "https://ofn.gov.cz/operation/1762023518087-fe23-c844-995d",
      "parent": "https://ofn.gov.cz/operation/1762023518067-e00f-410c-908e",
      "dataPsmNewIri": null,
      "dataPsmInterpretation": "9zz6qcstokm7ylcxfk",
      "dataPsmTechnicalLabel": "access_url",
      "dataPsmHumanLabel": null,
      "dataPsmHumanDescription": null,
      "dataPsmOwner": "https://ofn.gov.cz/class/1762018020967-1861-7f29-8ecd",
      "dataPsmPart": "https://ofn.gov.cz/class/1762023518067-0784-c85e-9017",
      "dataPsmIsReverse": false,
      "dataPsmIsDematerialize": null
    },
    {
      "types": [
        "core-operation",
        "https://ofn.gov.cz/slovník/psm/CreateClass"
      ],
      "iri": "https://ofn.gov.cz/operation/1762023518116-7ea6-0bdc-900b",
      "parent": "https://ofn.gov.cz/operation/1762023518087-fe23-c844-995d",
      "dataPsmNewIri": null,
      "dataPsmInterpretation": "zpmrilt6hnm7yl9ajh",
      "dataPsmTechnicalLabel": "file",
      "dataPsmHumanLabel": null,
      "dataPsmHumanDescription": null,
      "dataPsmExtends": [],
      "dataPsmIsClosed": null
    },
    {
      "types": [
        "core-operation",
        "https://ofn.gov.cz/slovník/psm/CreateAssociationEnd"
      ],
      "iri": "https://ofn.gov.cz/operation/1762023518136-82b6-2db0-b195",
      "parent": "https://ofn.gov.cz/operation/1762023518116-7ea6-0bdc-900b",
      "dataPsmNewIri": null,
      "dataPsmInterpretation": "ugr008vxfbm7ylaqbt",
      "dataPsmTechnicalLabel": "download_url",
      "dataPsmHumanLabel": null,
      "dataPsmHumanDescription": null,
      "dataPsmOwner": "https://ofn.gov.cz/class/1762018020967-1861-7f29-8ecd",
      "dataPsmPart": "https://ofn.gov.cz/class/1762023518116-02e5-26e1-8229",
      "dataPsmIsReverse": false,
      "dataPsmIsDematerialize": null
    },
    {
      "types": [
        "core-operation",
        "https://ofn.gov.cz/slovník/psm/CreateClass"
      ],
      "iri": "https://ofn.gov.cz/operation/1762023518168-92d3-71cd-b22d",
      "parent": "https://ofn.gov.cz/operation/1762023518136-82b6-2db0-b195",
      "dataPsmNewIri": null,
      "dataPsmInterpretation": "kzdl89bw9ym7xgj5sm",
      "dataPsmTechnicalLabel": "application_profile",
      "dataPsmHumanLabel": null,
      "dataPsmHumanDescription": null,
      "dataPsmExtends": [],
      "dataPsmIsClosed": null
    },
    {
      "types": [
        "core-operation",
        "https://ofn.gov.cz/slovník/psm/CreateAssociationEnd"
      ],
      "iri": "https://ofn.gov.cz/operation/1762023518191-d32d-7e40-b37a",
      "parent": "https://ofn.gov.cz/operation/1762023518168-92d3-71cd-b22d",
      "dataPsmNewIri": null,
      "dataPsmInterpretation": "lnmjaritxohm7ylqfwx",
      "dataPsmTechnicalLabel": "conforms_to_schema",
      "dataPsmHumanLabel": null,
      "dataPsmHumanDescription": null,
      "dataPsmOwner": "https://ofn.gov.cz/class/1762018020967-1861-7f29-8ecd",
      "dataPsmPart": "https://ofn.gov.cz/class/1762023518168-9393-c22f-9015",
      "dataPsmIsReverse": false,
      "dataPsmIsDematerialize": null
    },
    {
      "types": [
        "core-operation",
        "https://ofn.gov.cz/slovník/psm/CreateClass"
      ],
      "iri": "https://ofn.gov.cz/operation/1762023518223-f8ce-e759-8e60",
      "parent": "https://ofn.gov.cz/operation/1762023518191-d32d-7e40-b37a",
      "dataPsmNewIri": null,
      "dataPsmInterpretation": "cqoqz9ceocimav812ox",
      "dataPsmTechnicalLabel": "format",
      "dataPsmHumanLabel": null,
      "dataPsmHumanDescription": null,
      "dataPsmExtends": [],
      "dataPsmIsClosed": null
    },
    {
      "types": [
        "core-operation",
        "https://ofn.gov.cz/slovník/psm/CreateAssociationEnd"
      ],
      "iri": "https://ofn.gov.cz/operation/1762023518250-0ff1-6a11-b483",
      "parent": "https://ofn.gov.cz/operation/1762023518223-f8ce-e759-8e60",
      "dataPsmNewIri": null,
      "dataPsmInterpretation": "i2kjlqc0hymav82c5t",
      "dataPsmTechnicalLabel": "has_format",
      "dataPsmHumanLabel": null,
      "dataPsmHumanDescription": null,
      "dataPsmOwner": "https://ofn.gov.cz/class/1762018020967-1861-7f29-8ecd",
      "dataPsmPart": "https://ofn.gov.cz/class/1762023518223-3c2f-8dd0-a66c",
      "dataPsmIsReverse": false,
      "dataPsmIsDematerialize": null
    },
    {
      "types": [
        "core-operation",
        "https://ofn.gov.cz/slovník/psm/CreateClass"
      ],
      "iri": "https://ofn.gov.cz/operation/1762023518285-594b-c55b-a865",
      "parent": "https://ofn.gov.cz/operation/1762023518250-0ff1-6a11-b483",
      "dataPsmNewIri": null,
      "dataPsmInterpretation": "e9sinvm4dgrm7yljpo4",
      "dataPsmTechnicalLabel": "media_type",
      "dataPsmHumanLabel": null,
      "dataPsmHumanDescription": null,
      "dataPsmExtends": [],
      "dataPsmIsClosed": null
    },
    {
      "types": [
        "core-operation",
        "https://ofn.gov.cz/slovník/psm/CreateAssociationEnd"
      ],
      "iri": "https://ofn.gov.cz/operation/1762023518316-a466-764e-9c54",
      "parent": "https://ofn.gov.cz/operation/1762023518285-594b-c55b-a865",
      "dataPsmNewIri": null,
      "dataPsmInterpretation": "jzx5hhz34jnm7ylkmnk",
      "dataPsmTechnicalLabel": "media_type",
      "dataPsmHumanLabel": null,
      "dataPsmHumanDescription": null,
      "dataPsmOwner": "https://ofn.gov.cz/class/1762018020967-1861-7f29-8ecd",
      "dataPsmPart": "https://ofn.gov.cz/class/1762023518285-7187-dac2-9794",
      "dataPsmIsReverse": false,
      "dataPsmIsDematerialize": null
    },
    {
      "types": [
        "core-operation",
        "https://ofn.gov.cz/slovník/psm/CreateAttribute"
      ],
      "iri": "https://ofn.gov.cz/operation/1762023518358-3814-4669-9c9d",
      "parent": "https://ofn.gov.cz/operation/1762023518316-a466-764e-9c54",
      "dataPsmNewIri": null,
      "dataPsmInterpretation": "2j0r4qp921zm7yllyjo",
      "dataPsmTechnicalLabel": "byte_size",
      "dataPsmHumanLabel": null,
      "dataPsmHumanDescription": null,
      "dataPsmOwner": "https://ofn.gov.cz/class/1762018020967-1861-7f29-8ecd",
      "dataPsmDatatype": "http://www.w3.org/2001/XMLSchema#integer"
    },
    {
      "types": [
        "core-operation",
        "https://ofn.gov.cz/slovník/psm/CreateClass"
      ],
      "iri": "https://ofn.gov.cz/operation/1762023518401-244e-a821-bb0d",
      "parent": "https://ofn.gov.cz/operation/1762023518358-3814-4669-9c9d",
      "dataPsmNewIri": null,
      "dataPsmInterpretation": "tknf5srfsfm913kvvw",
      "dataPsmTechnicalLabel": "checksum",
      "dataPsmHumanLabel": null,
      "dataPsmHumanDescription": null,
      "dataPsmExtends": [],
      "dataPsmIsClosed": null
    },
    {
      "types": [
        "core-operation",
        "https://ofn.gov.cz/slovník/psm/CreateAssociationEnd"
      ],
      "iri": "https://ofn.gov.cz/operation/1762023518444-1c5c-c286-9c5d",
      "parent": "https://ofn.gov.cz/operation/1762023518401-244e-a821-bb0d",
      "dataPsmNewIri": null,
      "dataPsmInterpretation": "g072hca9bcm913reoq",
      "dataPsmTechnicalLabel": "has_checksum",
      "dataPsmHumanLabel": null,
      "dataPsmHumanDescription": null,
      "dataPsmOwner": "https://ofn.gov.cz/class/1762018020967-1861-7f29-8ecd",
      "dataPsmPart": "https://ofn.gov.cz/class/1762023518401-83a9-8dc8-8c5e",
      "dataPsmIsReverse": false,
      "dataPsmIsDematerialize": null
    },
    {
      "types": [
        "core-operation",
        "https://ofn.gov.cz/slovník/psm/CreateClassReference"
      ],
      "iri": "https://ofn.gov.cz/operation/1762023523714-f60b-62c4-ac23",
      "parent": "https://ofn.gov.cz/operation/1762023518444-1c5c-c286-9c5d",
      "dataPsmNewIri": null,
      "dataPsmSpecification": "c92046f6-f408-4d39-8fe8-c83ecffb56cd",
      "dataPsmClass": "https://ofn.gov.cz/class/1742235831207-776a-49bb-9ac1"
    },
    {
      "types": [
        "core-operation",
        "https://ofn.gov.cz/slovník/psm/SetPart"
      ],
      "iri": "https://ofn.gov.cz/operation/1762023523763-abfc-a442-b73d",
      "parent": "https://ofn.gov.cz/operation/1762023523714-f60b-62c4-ac23",
      "dataPsmAssociationEnd": "https://ofn.gov.cz/association/1762023518087-8da9-db7b-b27b",
      "dataPsmPart": "https://ofn.gov.cz/class-reference/1762023523714-a3f4-4987-a2c5"
    },
    {
      "types": [
        "core-operation",
        "https://ofn.gov.cz/slovník/psm/DeleteClass"
      ],
      "iri": "https://ofn.gov.cz/operation/1762023523782-f468-401d-80c3",
      "parent": "https://ofn.gov.cz/operation/1762023523763-abfc-a442-b73d",
      "dataPsmClass": "https://ofn.gov.cz/class/1762023518067-0784-c85e-9017"
    },
    {
      "types": [
        "core-operation",
        "https://ofn.gov.cz/slovník/psm/CreateClassReference"
      ],
      "iri": "https://ofn.gov.cz/operation/1762023527460-f0c1-21ee-b79a",
      "parent": "https://ofn.gov.cz/operation/1762023523782-f468-401d-80c3",
      "dataPsmNewIri": null,
      "dataPsmSpecification": "c92046f6-f408-4d39-8fe8-c83ecffb56cd",
      "dataPsmClass": "https://ofn.gov.cz/class/1742235831207-776a-49bb-9ac1"
    },
    {
      "types": [
        "core-operation",
        "https://ofn.gov.cz/slovník/psm/SetPart"
      ],
      "iri": "https://ofn.gov.cz/operation/1762023527500-f691-6e47-b612",
      "parent": "https://ofn.gov.cz/operation/1762023527460-f0c1-21ee-b79a",
      "dataPsmAssociationEnd": "https://ofn.gov.cz/association/1762023518136-592d-abe1-afef",
      "dataPsmPart": "https://ofn.gov.cz/class-reference/1762023527460-f03c-7fb1-b311"
    },
    {
      "types": [
        "core-operation",
        "https://ofn.gov.cz/slovník/psm/DeleteClass"
      ],
      "iri": "https://ofn.gov.cz/operation/1762023527507-ac6e-0c5a-908b",
      "parent": "https://ofn.gov.cz/operation/1762023527500-f691-6e47-b612",
      "dataPsmClass": "https://ofn.gov.cz/class/1762023518116-02e5-26e1-8229"
    },
    {
      "types": [
        "core-operation",
        "https://ofn.gov.cz/slovník/psm/CreateClassReference"
      ],
      "iri": "https://ofn.gov.cz/operation/1762023531429-7a8e-8cb2-8f65",
      "parent": "https://ofn.gov.cz/operation/1762023527507-ac6e-0c5a-908b",
      "dataPsmNewIri": null,
      "dataPsmSpecification": "c6aa0a4b-e116-4247-9c26-bb59ad90cb83",
      "dataPsmClass": "https://ofn.gov.cz/class/1742235803801-3bb0-3064-a2dc"
    },
    {
      "types": [
        "core-operation",
        "https://ofn.gov.cz/slovník/psm/SetPart"
      ],
      "iri": "https://ofn.gov.cz/operation/1762023531472-0108-c216-becb",
      "parent": "https://ofn.gov.cz/operation/1762023531429-7a8e-8cb2-8f65",
      "dataPsmAssociationEnd": "https://ofn.gov.cz/association/1762023518191-ebdb-eb02-aada",
      "dataPsmPart": "https://ofn.gov.cz/class-reference/1762023531429-b1c2-b36f-b300"
    },
    {
      "types": [
        "core-operation",
        "https://ofn.gov.cz/slovník/psm/DeleteClass"
      ],
      "iri": "https://ofn.gov.cz/operation/1762023531480-1351-3bc9-b33a",
      "parent": "https://ofn.gov.cz/operation/1762023531472-0108-c216-becb",
      "dataPsmClass": "https://ofn.gov.cz/class/1762023518168-9393-c22f-9015"
    },
    {
      "types": [
        "core-operation",
        "https://ofn.gov.cz/slovník/psm/CreateClassReference"
      ],
      "iri": "https://ofn.gov.cz/operation/1762023535542-0bf1-ee5c-9f6b",
      "parent": "https://ofn.gov.cz/operation/1762023531480-1351-3bc9-b33a",
      "dataPsmNewIri": null,
      "dataPsmSpecification": "6fe574bc-2167-4d73-bdd2-ad5dc8a6f253",
      "dataPsmClass": "https://ofn.gov.cz/class/1747685284971-4e81-5f45-a58b"
    },
    {
      "types": [
        "core-operation",
        "https://ofn.gov.cz/slovník/psm/SetPart"
      ],
      "iri": "https://ofn.gov.cz/operation/1762023535591-45d9-3350-8f73",
      "parent": "https://ofn.gov.cz/operation/1762023535542-0bf1-ee5c-9f6b",
      "dataPsmAssociationEnd": "https://ofn.gov.cz/association/1762023518250-254c-9b37-ba90",
      "dataPsmPart": "https://ofn.gov.cz/class-reference/1762023535542-33fd-f810-9558"
    },
    {
      "types": [
        "core-operation",
        "https://ofn.gov.cz/slovník/psm/DeleteClass"
      ],
      "iri": "https://ofn.gov.cz/operation/1762023535600-49df-c09a-83a7",
      "parent": "https://ofn.gov.cz/operation/1762023535591-45d9-3350-8f73",
      "dataPsmClass": "https://ofn.gov.cz/class/1762023518223-3c2f-8dd0-a66c"
    },
    {
      "types": [
        "core-operation",
        "https://ofn.gov.cz/slovník/psm/CreateClassReference"
      ],
      "iri": "https://ofn.gov.cz/operation/1762023538980-946e-c5f0-a51a",
      "parent": "https://ofn.gov.cz/operation/1762023535600-49df-c09a-83a7",
      "dataPsmNewIri": null,
      "dataPsmSpecification": "2b3aa148-1ba5-4eb9-a531-0dbf18beebdc",
      "dataPsmClass": "https://ofn.gov.cz/class/1742235818874-efde-8537-b0a5"
    },
    {
      "types": [
        "core-operation",
        "https://ofn.gov.cz/slovník/psm/SetPart"
      ],
      "iri": "https://ofn.gov.cz/operation/1762023539042-b99a-6f76-a27f",
      "parent": "https://ofn.gov.cz/operation/1762023538980-946e-c5f0-a51a",
      "dataPsmAssociationEnd": "https://ofn.gov.cz/association/1762023518316-8c3f-fc65-a980",
      "dataPsmPart": "https://ofn.gov.cz/class-reference/1762023538980-fb90-0ea0-a702"
    },
    {
      "types": [
        "core-operation",
        "https://ofn.gov.cz/slovník/psm/DeleteClass"
      ],
      "iri": "https://ofn.gov.cz/operation/1762023539051-0bb4-53e5-87ad",
      "parent": "https://ofn.gov.cz/operation/1762023539042-b99a-6f76-a27f",
      "dataPsmClass": "https://ofn.gov.cz/class/1762023518285-7187-dac2-9794"
    },
    {
      "types": [
        "core-operation",
        "https://ofn.gov.cz/slovník/psm/CreateClassReference"
      ],
      "iri": "https://ofn.gov.cz/operation/1762023544181-2569-5dde-ab95",
      "parent": "https://ofn.gov.cz/operation/1762023539051-0bb4-53e5-87ad",
      "dataPsmNewIri": null,
      "dataPsmSpecification": "282565c4-4d69-4dea-9432-9a2cdfcb15a4",
      "dataPsmClass": "https://ofn.gov.cz/class/1743669664695-1a30-486d-bbd8"
    },
    {
      "types": [
        "core-operation",
        "https://ofn.gov.cz/slovník/psm/SetPart"
      ],
      "iri": "https://ofn.gov.cz/operation/1762023544219-6c08-0676-a74e",
      "parent": "https://ofn.gov.cz/operation/1762023544181-2569-5dde-ab95",
      "dataPsmAssociationEnd": "https://ofn.gov.cz/association/1762023518444-62fb-bd13-9d75",
      "dataPsmPart": "https://ofn.gov.cz/class-reference/1762023544181-4435-6abe-be64"
    },
    {
      "types": [
        "core-operation",
        "https://ofn.gov.cz/slovník/psm/DeleteClass"
      ],
      "iri": "https://ofn.gov.cz/operation/1762023544233-5f76-1b46-92bd",
      "parent": "https://ofn.gov.cz/operation/1762023544219-6c08-0676-a74e",
      "dataPsmClass": "https://ofn.gov.cz/class/1762023518401-83a9-8dc8-8c5e"
    },
    {
      "types": [
        "core-operation",
        "https://ofn.gov.cz/slovník/psm/extensions/xml/setNamespace"
      ],
      "iri": "https://ofn.gov.cz/operation/1762023636019-6428-dca5-99f0",
      "parent": "https://ofn.gov.cz/operation/1762023544233-5f76-1b46-92bd",
      "dataPsmSchema": "0924c170-1941-4f1b-8f29-cf8a5cdd8362",
      "namespace": "https://schema.ccmm.cz/research-data/1.0",
      "namespacePrefix": "ccmm"
    },
    {
      "types": [
        "core-operation",
        "https://ofn.gov.cz/slovník/psm/SetTechnicalLabel"
      ],
      "iri": "https://ofn.gov.cz/operation/1762024046548-0980-d3fa-a81e",
      "parent": "https://ofn.gov.cz/operation/1762023636019-6428-dca5-99f0",
      "dataPsmResource": "0924c170-1941-4f1b-8f29-cf8a5cdd8362",
      "dataPsmTechnicalLabel": "distribution_downloadable_file"
    },
    {
      "types": [
        "core-operation",
        "https://ofn.gov.cz/slovník/psm/SetTechnicalLabel"
      ],
      "iri": "https://ofn.gov.cz/operation/1762024162010-dab4-6569-bcd5",
      "parent": "https://ofn.gov.cz/operation/1762024046548-0980-d3fa-a81e",
      "dataPsmResource": "0924c170-1941-4f1b-8f29-cf8a5cdd8362",
      "dataPsmTechnicalLabel": "distribution-downloadable-file"
    },
    {
      "types": [
        "core-operation",
        "https://ofn.gov.cz/slovník/psm/SetTechnicalLabel"
      ],
      "iri": "https://ofn.gov.cz/operation/1762086991929-51af-2951-bb4b",
      "parent": "https://ofn.gov.cz/operation/1762024162010-dab4-6569-bcd5",
      "dataPsmResource": "https://ofn.gov.cz/association/1762023518250-254c-9b37-ba90",
      "dataPsmTechnicalLabel": "format"
    },
    {
      "types": [
        "core-operation",
        "https://ofn.gov.cz/slovník/psm/SetTechnicalLabel"
      ],
      "iri": "https://ofn.gov.cz/operation/1762087018610-b723-942c-9473",
      "parent": "https://ofn.gov.cz/operation/1762086991929-51af-2951-bb4b",
      "dataPsmResource": "https://ofn.gov.cz/association/1762023518444-62fb-bd13-9d75",
      "dataPsmTechnicalLabel": "checksum"
    }
  ],
  "resources": {
    "0924c170-1941-4f1b-8f29-cf8a5cdd8362": {
      "types": [
        "https://ofn.gov.cz/slovník/psm/Schema"
      ],
      "iri": "0924c170-1941-4f1b-8f29-cf8a5cdd8362",
      "dataPsmHumanLabel": {
        "en": "Distribution - downloadable file",
        "cs": "Distribution - downloadable file"
      },
      "dataPsmHumanDescription": {
        "en": "Data structure for Distribution - downloadable file. Physical embodiment of the dataset in a particular format. ",
        "cs": "Datová struktura pro Distribution - downloadable file. Physical embodiment of the dataset in a particular format. "
      },
      "dataPsmTechnicalLabel": "distribution-downloadable-file",
      "dataPsmRoots": [
        "https://ofn.gov.cz/class/1762018020967-1861-7f29-8ecd"
      ],
      "dataPsmParts": [
        "https://ofn.gov.cz/class/1762018020967-1861-7f29-8ecd",
        "https://ofn.gov.cz/attribute/1762023518041-f63c-a712-9462",
        "https://ofn.gov.cz/association/1762023518087-8da9-db7b-b27b",
        "https://ofn.gov.cz/association/1762023518136-592d-abe1-afef",
        "https://ofn.gov.cz/association/1762023518191-ebdb-eb02-aada",
        "https://ofn.gov.cz/association/1762023518250-254c-9b37-ba90",
        "https://ofn.gov.cz/association/1762023518316-8c3f-fc65-a980",
        "https://ofn.gov.cz/attribute/1762023518358-c6aa-c6d9-a90d",
        "https://ofn.gov.cz/association/1762023518444-62fb-bd13-9d75",
        "https://ofn.gov.cz/class-reference/1762023523714-a3f4-4987-a2c5",
        "https://ofn.gov.cz/class-reference/1762023527460-f03c-7fb1-b311",
        "https://ofn.gov.cz/class-reference/1762023531429-b1c2-b36f-b300",
        "https://ofn.gov.cz/class-reference/1762023535542-33fd-f810-9558",
        "https://ofn.gov.cz/class-reference/1762023538980-fb90-0ea0-a702",
        "https://ofn.gov.cz/class-reference/1762023544181-4435-6abe-be64"
      ],
      "jsonEnforceContext": "no",
      "extensions": {
        "https://ofn.gov.cz/slovník/psm/extensions/xml": {
          "namespace": "https://schema.ccmm.cz/research-data/1.0",
          "namespacePrefix": "ccmm"
        }
      }
    },
    "https://ofn.gov.cz/class/1762018020967-1861-7f29-8ecd": {
      "types": [
        "https://ofn.gov.cz/slovník/psm/Class"
      ],
      "iri": "https://ofn.gov.cz/class/1762018020967-1861-7f29-8ecd",
      "dataPsmHumanLabel": null,
      "dataPsmHumanDescription": null,
      "dataPsmTechnicalLabel": "distribution_downloadable_file",
      "dataPsmInterpretation": "h4ilxa28tx7m7yh5ur6",
      "dataPsmExtends": [],
      "dataPsmParts": [
        "https://ofn.gov.cz/attribute/1762023518041-f63c-a712-9462",
        "https://ofn.gov.cz/association/1762023518087-8da9-db7b-b27b",
        "https://ofn.gov.cz/association/1762023518136-592d-abe1-afef",
        "https://ofn.gov.cz/association/1762023518191-ebdb-eb02-aada",
        "https://ofn.gov.cz/association/1762023518250-254c-9b37-ba90",
        "https://ofn.gov.cz/association/1762023518316-8c3f-fc65-a980",
        "https://ofn.gov.cz/attribute/1762023518358-c6aa-c6d9-a90d",
        "https://ofn.gov.cz/association/1762023518444-62fb-bd13-9d75"
      ],
      "dataPsmIsClosed": null
    },
    "https://ofn.gov.cz/attribute/1762023518041-f63c-a712-9462": {
      "types": [
        "https://ofn.gov.cz/slovník/psm/Attribute"
      ],
      "iri": "https://ofn.gov.cz/attribute/1762023518041-f63c-a712-9462",
      "dataPsmHumanLabel": null,
      "dataPsmHumanDescription": null,
      "dataPsmTechnicalLabel": "title",
      "dataPsmInterpretation": "7ks7cjyp32bm7xj7x27",
      "dataPsmDatatype": "http://www.w3.org/2001/XMLSchema#string"
    },
    "https://ofn.gov.cz/association/1762023518087-8da9-db7b-b27b": {
      "types": [
        "https://ofn.gov.cz/slovník/psm/AssociationEnd"
      ],
      "iri": "https://ofn.gov.cz/association/1762023518087-8da9-db7b-b27b",
      "dataPsmHumanLabel": null,
      "dataPsmHumanDescription": null,
      "dataPsmTechnicalLabel": "access_url",
      "dataPsmInterpretation": "9zz6qcstokm7ylcxfk",
      "dataPsmPart": "https://ofn.gov.cz/class-reference/1762023523714-a3f4-4987-a2c5",
      "dataPsmIsReverse": false,
      "dataPsmIsDematerialize": null
    },
    "https://ofn.gov.cz/association/1762023518136-592d-abe1-afef": {
      "types": [
        "https://ofn.gov.cz/slovník/psm/AssociationEnd"
      ],
      "iri": "https://ofn.gov.cz/association/1762023518136-592d-abe1-afef",
      "dataPsmHumanLabel": null,
      "dataPsmHumanDescription": null,
      "dataPsmTechnicalLabel": "download_url",
      "dataPsmInterpretation": "ugr008vxfbm7ylaqbt",
      "dataPsmPart": "https://ofn.gov.cz/class-reference/1762023527460-f03c-7fb1-b311",
      "dataPsmIsReverse": false,
      "dataPsmIsDematerialize": null
    },
    "https://ofn.gov.cz/association/1762023518191-ebdb-eb02-aada": {
      "types": [
        "https://ofn.gov.cz/slovník/psm/AssociationEnd"
      ],
      "iri": "https://ofn.gov.cz/association/1762023518191-ebdb-eb02-aada",
      "dataPsmHumanLabel": null,
      "dataPsmHumanDescription": null,
      "dataPsmTechnicalLabel": "conforms_to_schema",
      "dataPsmInterpretation": "lnmjaritxohm7ylqfwx",
      "dataPsmPart": "https://ofn.gov.cz/class-reference/1762023531429-b1c2-b36f-b300",
      "dataPsmIsReverse": false,
      "dataPsmIsDematerialize": null
    },
    "https://ofn.gov.cz/association/1762023518250-254c-9b37-ba90": {
      "types": [
        "https://ofn.gov.cz/slovník/psm/AssociationEnd"
      ],
      "iri": "https://ofn.gov.cz/association/1762023518250-254c-9b37-ba90",
      "dataPsmHumanLabel": null,
      "dataPsmHumanDescription": null,
      "dataPsmTechnicalLabel": "format",
      "dataPsmInterpretation": "i2kjlqc0hymav82c5t",
      "dataPsmPart": "https://ofn.gov.cz/class-reference/1762023535542-33fd-f810-9558",
      "dataPsmIsReverse": false,
      "dataPsmIsDematerialize": null
    },
    "https://ofn.gov.cz/association/1762023518316-8c3f-fc65-a980": {
      "types": [
        "https://ofn.gov.cz/slovník/psm/AssociationEnd"
      ],
      "iri": "https://ofn.gov.cz/association/1762023518316-8c3f-fc65-a980",
      "dataPsmHumanLabel": null,
      "dataPsmHumanDescription": null,
      "dataPsmTechnicalLabel": "media_type",
      "dataPsmInterpretation": "jzx5hhz34jnm7ylkmnk",
      "dataPsmPart": "https://ofn.gov.cz/class-reference/1762023538980-fb90-0ea0-a702",
      "dataPsmIsReverse": false,
      "dataPsmIsDematerialize": null
    },
    "https://ofn.gov.cz/attribute/1762023518358-c6aa-c6d9-a90d": {
      "types": [
        "https://ofn.gov.cz/slovník/psm/Attribute"
      ],
      "iri": "https://ofn.gov.cz/attribute/1762023518358-c6aa-c6d9-a90d",
      "dataPsmHumanLabel": null,
      "dataPsmHumanDescription": null,
      "dataPsmTechnicalLabel": "byte_size",
      "dataPsmInterpretation": "2j0r4qp921zm7yllyjo",
      "dataPsmDatatype": "http://www.w3.org/2001/XMLSchema#integer"
    },
    "https://ofn.gov.cz/association/1762023518444-62fb-bd13-9d75": {
      "types": [
        "https://ofn.gov.cz/slovník/psm/AssociationEnd"
      ],
      "iri": "https://ofn.gov.cz/association/1762023518444-62fb-bd13-9d75",
      "dataPsmHumanLabel": null,
      "dataPsmHumanDescription": null,
      "dataPsmTechnicalLabel": "checksum",
      "dataPsmInterpretation": "g072hca9bcm913reoq",
      "dataPsmPart": "https://ofn.gov.cz/class-reference/1762023544181-4435-6abe-be64",
      "dataPsmIsReverse": false,
      "dataPsmIsDematerialize": null
    },
    "https://ofn.gov.cz/class-reference/1762023523714-a3f4-4987-a2c5": {
      "types": [
        "https://ofn.gov.cz/slovník/psm/ClassReference"
      ],
      "iri": "https://ofn.gov.cz/class-reference/1762023523714-a3f4-4987-a2c5",
      "dataPsmSpecification": "c92046f6-f408-4d39-8fe8-c83ecffb56cd",
      "dataPsmClass": "https://ofn.gov.cz/class/1742235831207-776a-49bb-9ac1"
    },
    "https://ofn.gov.cz/class-reference/1762023527460-f03c-7fb1-b311": {
      "types": [
        "https://ofn.gov.cz/slovník/psm/ClassReference"
      ],
      "iri": "https://ofn.gov.cz/class-reference/1762023527460-f03c-7fb1-b311",
      "dataPsmSpecification": "c92046f6-f408-4d39-8fe8-c83ecffb56cd",
      "dataPsmClass": "https://ofn.gov.cz/class/1742235831207-776a-49bb-9ac1"
    },
    "https://ofn.gov.cz/class-reference/1762023531429-b1c2-b36f-b300": {
      "types": [
        "https://ofn.gov.cz/slovník/psm/ClassReference"
      ],
      "iri": "https://ofn.gov.cz/class-reference/1762023531429-b1c2-b36f-b300",
      "dataPsmSpecification": "c6aa0a4b-e116-4247-9c26-bb59ad90cb83",
      "dataPsmClass": "https://ofn.gov.cz/class/1742235803801-3bb0-3064-a2dc"
    },
    "https://ofn.gov.cz/class-reference/1762023535542-33fd-f810-9558": {
      "types": [
        "https://ofn.gov.cz/slovník/psm/ClassReference"
      ],
      "iri": "https://ofn.gov.cz/class-reference/1762023535542-33fd-f810-9558",
      "dataPsmSpecification": "6fe574bc-2167-4d73-bdd2-ad5dc8a6f253",
      "dataPsmClass": "https://ofn.gov.cz/class/1747685284971-4e81-5f45-a58b"
    },
    "https://ofn.gov.cz/class-reference/1762023538980-fb90-0ea0-a702": {
      "types": [
        "https://ofn.gov.cz/slovník/psm/ClassReference"
      ],
      "iri": "https://ofn.gov.cz/class-reference/1762023538980-fb90-0ea0-a702",
      "dataPsmSpecification": "2b3aa148-1ba5-4eb9-a531-0dbf18beebdc",
      "dataPsmClass": "https://ofn.gov.cz/class/1742235818874-efde-8537-b0a5"
    },
    "https://ofn.gov.cz/class-reference/1762023544181-4435-6abe-be64": {
      "types": [
        "https://ofn.gov.cz/slovník/psm/ClassReference"
      ],
      "iri": "https://ofn.gov.cz/class-reference/1762023544181-4435-6abe-be64",
      "dataPsmSpecification": "282565c4-4d69-4dea-9432-9a2cdfcb15a4",
      "dataPsmClass": "https://ofn.gov.cz/class/1743669664695-1a30-486d-bbd8"
    }
  }
}