{
  "iri": "39c6cf99-ac66-4d0c-bbcc-129ac6daeccb",
  "types": [
    "http://dataspecer.com/resources/v1/psm"
  ],
  "userMetadata": {
    "label": {
      "cs": "Documentation",
      "en": "Documentation"
    },
    "description": {
      "cs": "Datová struktura pro Documentation. A textual resource intended for human consumption that contains information about the data service.",
      "en": "Data structure for Documentation. A textual resource intended for human consumption that contains information about the data service."
    }
  },
  "metadata": {
    "creationDate": "2025-11-02T09:49:23.441Z",
    "modificationDate": "2025-11-02T19:33:56.989Z"
  },
  "_version": 1,
  "_exportVersion": 1,
  "_exportedAt": "2025-11-02T19:34:49.290Z",
  "_exportedBy": "http://localhost:3100"
}