{
  "iri": "6b12e77a-aa55-4287-9040-782a3a77caab",
  "types": [
    "http://dataspecer.com/resources/local/semantic-model"
  ],
  "userMetadata": {
    "label": {
      "en": "Czech Core Metadata Model"
    },
    "description": {
      "en": "Semantic model for the profile"
    }
  },
  "metadata": {
    "creationDate": "2025-11-02T09:49:19.141Z",
    "modificationDate": "2025-11-02T19:34:00.928Z"
  },
  "_version": 1,
  "_exportVersion": 1,
  "_exportedAt": "2025-11-02T19:34:49.210Z",
  "_exportedBy": "http://localhost:3100"
}