{
  "iri": "efa9b3c8-f32c-49b3-8034-f37514f89cf9",
  "types": [
    "http://dataspecer.com/resources/v1/psm"
  ],
  "userMetadata": {
    "label": {
      "en": "Time representation",
      "cs": "Time representation"
    },
    "description": {
      "en": "Data structure for Time representation. Representation of time reference as a temporal interval or instant on which something relevant to the resource has happened.",
      "cs": "Datová struktura pro Time representation. Representation of time reference as a temporal interval or instant on which something relevant to the resource has happened."
    }
  },
  "metadata": {
    "creationDate": "2025-11-02T11:34:06.667Z",
    "modificationDate": "2025-11-02T19:33:58.119Z"
  },
  "_version": 1,
  "_exportVersion": 1,
  "_exportedAt": "2025-11-02T19:34:49.391Z",
  "_exportedBy": "http://localhost:3100"
}