{
  "iri": "d54a372a-b13d-479f-b8d8-2ce4c9a06b25/e126dee4-198b-4ef5-92e0-a2e3bc42c62b/d6d4e763-0dd1-4ce3-8dd1-a6f13a5074db",
  "types": [
    "https://dataspecer.com/core/model-descriptor/pim-store-wrapper"
  ],
  "userMetadata": {
    "documentBaseUrl": "https://www.w3.org/ns/prov.ttl",
    "label": {
      "en": "prov"
    }
  },
  "metadata": {
    "creationDate": "2025-10-20T15:13:44.786Z",
    "modificationDate": "2025-10-24T10:26:44.440Z"
  },
  "_version": 1,
  "_exportVersion": 1,
  "_exportedAt": "2025-10-24T10:26:59.272Z",
  "_exportedBy": "http://localhost:3100"
}