{
  "iri": "d54a372a-b13d-479f-b8d8-2ce4c9a06b25/e126dee4-198b-4ef5-92e0-a2e3bc42c62b/vocabulary",
  "types": [
    "http://dataspecer.com/resources/local/semantic-model"
  ],
  "userMetadata": {
    "label": {
      "en": "Czech Core Metadata Vocabulary"
    },
    "documentBaseUrl": "https://techlib.github.io/CCMM-V/en/"
  },
  "metadata": {
    "creationDate": "2025-10-20T15:13:45.569Z",
    "modificationDate": "2025-10-24T10:26:45.316Z"
  },
  "_version": 1,
  "_exportVersion": 1,
  "_exportedAt": "2025-10-24T10:26:59.281Z",
  "_exportedBy": "http://localhost:3100"
}