{
  "iri": "d54a372a-b13d-479f-b8d8-2ce4c9a06b25/6c88e100-c7d2-4009-81d3-2760026bbfa3/54b60737-a241-441c-a339-70867389c4d6/29166828-21a5-4e39-aae3-9fd2f2fff114",
  "types": [
    "https://dataspecer.com/core/model-descriptor/pim-store-wrapper"
  ],
  "userMetadata": {
    "documentBaseUrl": "https://datagov-cz.github.io/cache-slovniku/foaf.ttl",
    "label": {
      "en": "foaf"
    }
  },
  "metadata": {
    "creationDate": "2025-11-02T09:49:28.068Z",
    "modificationDate": "2025-11-02T19:34:00.267Z"
  },
  "_version": 1,
  "_exportVersion": 1,
  "_exportedAt": "2025-11-02T19:34:49.329Z",
  "_exportedBy": "http://localhost:3100"
}