{
  "iri": "d54a372a-b13d-479f-b8d8-2ce4c9a06b25/6770a392-c67e-4186-bbb5-01fcb78e2d97",
  "types": [
    "http://dataspecer.com/resources/local/package"
  ],
  "userMetadata": {
    "label": {
      "en": "DataCite"
    },
    "description": {},
    "importedFromUrl": "https://michalmed.github.io/DataCite/en/",
    "documentBaseUrl": "https://michalmed.github.io/DataCite/en/"
  },
  "metadata": {
    "creationDate": "2025-09-11T10:24:02.684Z",
    "modificationDate": "2025-09-14T09:46:20.075Z"
  },
  "_version": 1,
  "_exportVersion": 1,
  "_exportedAt": "2025-09-14T09:50:05.810Z",
  "_exportedBy": "http://localhost:3100"
}