{
  "iri": "025aae80-178f-419f-8eac-a3281f3e4771",
  "types": [
    "http://dataspecer.com/resources/v1/psm"
  ],
  "userMetadata": {
    "label": {
      "en": "Resource type",
      "cs": "Resource type"
    },
    "description": {
      "en": "Data structure for Resource type. Type of the resource.",
      "cs": "Datová struktura pro Resource type. Type of the resource."
    }
  },
  "metadata": {
    "creationDate": "2025-09-11T10:23:56.630Z",
    "modificationDate": "2025-09-14T09:46:16.497Z"
  },
  "_version": 1,
  "_exportVersion": 1,
  "_exportedAt": "2025-09-14T09:50:05.762Z",
  "_exportedBy": "http://localhost:3100"
}