{
  "iri": "5174f57b-8fb7-4c87-bae9-df331bc2626b",
  "types": [
    "http://dataspecer.com/resources/v1/psm"
  ],
  "userMetadata": {
    "label": {
      "en": "Location relation type",
      "cs": "Location relation type"
    },
    "description": {
      "en": "Data structure for Location relation type. Relation of the dataset to the resource.",
      "cs": "Datová struktura pro Location relation type. Relation of the dataset to the resource."
    }
  },
  "metadata": {
    "creationDate": "2025-09-11T10:23:56.781Z",
    "modificationDate": "2025-09-14T09:46:16.641Z"
  },
  "_version": 1,
  "_exportVersion": 1,
  "_exportedAt": "2025-09-14T09:50:05.763Z",
  "_exportedBy": "http://localhost:3100"
}