{
  "iri": "6b12e77a-aa55-4287-9040-782a3a77caab",
  "types": [
    "http://dataspecer.com/resources/local/semantic-model"
  ],
  "userMetadata": {
    "label": {
      "en": "Czech Core Metadata Model"
    },
    "description": {
      "en": "Semantic model for the profile"
    }
  },
  "metadata": {
    "creationDate": "2025-09-11T10:23:51.164Z",
    "modificationDate": "2025-09-14T09:46:21.586Z"
  },
  "_version": 1,
  "_exportVersion": 1,
  "_exportedAt": "2025-09-14T09:50:05.560Z",
  "_exportedBy": "http://localhost:3100"
}