{
  "iri": "7595b26f-8921-4cb9-9430-192c2fed4fb2",
  "types": [
    "http://dataspecer.com/resources/v1/psm"
  ],
  "userMetadata": {
    "label": {
      "en": "Checksum algorithm",
      "cs": "Checksum algorithm"
    },
    "description": {
      "en": "Data structure for Checksum algorithm. Algorithm used for Checksums.",
      "cs": "Datová struktura pro Checksum algorithm. Algorithm used for Checksums."
    }
  },
  "metadata": {
    "creationDate": "2025-09-11T10:23:58.462Z",
    "modificationDate": "2025-09-14T09:46:17.116Z"
  },
  "_version": 1,
  "_exportVersion": 1,
  "_exportedAt": "2025-09-14T09:50:05.776Z",
  "_exportedBy": "http://localhost:3100"
}