{
  "iri": "7c4a1f67-5415-4094-b187-0cc87f9a245a",
  "types": [
    "http://dataspecer.com/resources/v1/psm"
  ],
  "userMetadata": {
    "label": {
      "cs": "Contact details",
      "en": "Contact details"
    },
    "description": {
      "cs": "Datová struktura pro Contact details. Contact details such as telephone, e-mail address etc.",
      "en": "Data structure for Contact details. Contact details such as telephone, e-mail address etc."
    }
  },
  "metadata": {
    "creationDate": "2025-09-11T10:23:52.218Z",
    "modificationDate": "2025-09-14T09:46:14.856Z"
  },
  "_version": 1,
  "_exportVersion": 1,
  "_exportedAt": "2025-09-14T09:50:05.726Z",
  "_exportedBy": "http://localhost:3100"
}