{
  "iri": "edaeb96d-b03f-46fe-ba4e-b7065361fd5d",
  "types": [
    "http://dataspecer.com/resources/v1/psm"
  ],
  "userMetadata": {
    "label": {
      "cs": "Resource to Agent Relationship",
      "en": "Resource to Agent Relationship"
    },
    "description": {
      "cs": "Datová struktura pro Resource to Agent Relationship. An association class for attaching additional information to a relationship between Dataset and Agent.",
      "en": "Data structure for Resource to Agent Relationship. An association class for attaching additional information to a relationship between Dataset and Agent."
    }
  },
  "metadata": {
    "creationDate": "2025-09-11T10:23:53.131Z",
    "modificationDate": "2025-09-14T09:46:15.441Z"
  },
  "_version": 1,
  "_exportVersion": 1,
  "_exportedAt": "2025-09-14T09:50:05.734Z",
  "_exportedBy": "http://localhost:3100"
}