{
  "iri": "fe716aa9-f14d-44d6-bcf2-f0a1065db9db",
  "types": [
    "http://dataspecer.com/resources/v1/psm"
  ],
  "userMetadata": {
    "label": {
      "cs": "Geometry",
      "en": "Geometry"
    },
    "description": {
      "cs": "Datová struktura pro Geometry. The Geometry class provides the means to identify a location as a point, line, polygon, etc. expressed using coordinates in some coordinate reference system.",
      "en": "Data structure for Geometry. The Geometry class provides the means to identify a location as a point, line, polygon, etc. expressed using coordinates in some coordinate reference system."
    }
  },
  "metadata": {
    "creationDate": "2025-09-11T10:23:55.421Z",
    "modificationDate": "2025-09-14T09:46:16.055Z"
  },
  "_version": 1,
  "_exportVersion": 1,
  "_exportedAt": "2025-09-14T09:50:05.752Z",
  "_exportedBy": "http://localhost:3100"
}