{
  "iri": "d54a372a-b13d-479f-b8d8-2ce4c9a06b25/e126dee4-198b-4ef5-92e0-a2e3bc42c62b",
  "types": [
    "http://dataspecer.com/resources/local/package"
  ],
  "userMetadata": {
    "label": {
      "en": "Czech Core Metadata Vocabulary"
    },
    "description": {},
    "importedFromUrl": "https://techlib.github.io/CCMM-V/en/",
    "documentBaseUrl": "https://techlib.github.io/CCMM-V/en/"
  },
  "metadata": {
    "creationDate": "2025-09-12T13:50:04.603Z",
    "modificationDate": "2025-09-14T09:46:19.931Z"
  },
  "_version": 1,
  "_exportVersion": 1,
  "_exportedAt": "2025-09-14T09:50:05.825Z",
  "_exportedBy": "http://localhost:3100"
}