{
  "iri": "d54a372a-b13d-479f-b8d8-2ce4c9a06b25/e126dee4-198b-4ef5-92e0-a2e3bc42c62b/066cb679-5e59-4b6f-9214-78d4ccf38efa",
  "types": [
    "https://dataspecer.com/core/model-descriptor/pim-store-wrapper"
  ],
  "userMetadata": {
    "documentBaseUrl": "https://datagov-cz.github.io/cache-slovniku/rdf.ttl",
    "label": {
      "en": "rdf"
    }
  },
  "metadata": {
    "creationDate": "2025-09-12T13:50:05.163Z",
    "modificationDate": "2025-09-14T09:46:19.829Z"
  },
  "_version": 1,
  "_exportVersion": 1,
  "_exportedAt": "2025-09-14T09:50:05.814Z",
  "_exportedBy": "http://localhost:3100"
}