{
  "iri": "d54a372a-b13d-479f-b8d8-2ce4c9a06b25/e126dee4-198b-4ef5-92e0-a2e3bc42c62b/34430054-808e-4335-83ae-4d45bddf19a4",
  "types": [
    "https://dataspecer.com/core/model-descriptor/pim-store-wrapper"
  ],
  "userMetadata": {
    "documentBaseUrl": "https://michalmed.github.io/DataCite/en/model.owl.ttl",
    "label": {
      "en": "model"
    }
  },
  "metadata": {
    "creationDate": "2025-09-12T13:50:09.262Z",
    "modificationDate": "2025-09-14T09:46:19.321Z"
  },
  "_version": 1,
  "_exportVersion": 1,
  "_exportedAt": "2025-09-14T09:50:05.822Z",
  "_exportedBy": "http://localhost:3100"
}