{
  "iri": "d54a372a-b13d-479f-b8d8-2ce4c9a06b25/e126dee4-198b-4ef5-92e0-a2e3bc42c62b/48be0749-f7f0-49f1-9b0a-e1710fc83536",
  "types": [
    "https://dataspecer.com/core/model-descriptor/pim-store-wrapper"
  ],
  "userMetadata": {
    "documentBaseUrl": "https://datagov-cz.github.io/cache-slovniku/skos.rdf",
    "label": {
      "en": "skos"
    }
  },
  "metadata": {
    "creationDate": "2025-09-12T13:50:10.686Z",
    "modificationDate": "2025-09-14T09:46:19.320Z"
  },
  "_version": 1,
  "_exportVersion": 1,
  "_exportedAt": "2025-09-14T09:50:05.824Z",
  "_exportedBy": "http://localhost:3100"
}