{
  "iri": "d54a372a-b13d-479f-b8d8-2ce4c9a06b25/e126dee4-198b-4ef5-92e0-a2e3bc42c62b/b35cf15d-1049-4579-a8d1-1f5d14d73344",
  "types": [
    "https://dataspecer.com/core/model-descriptor/pim-store-wrapper"
  ],
  "userMetadata": {
    "documentBaseUrl": "https://semiceu.github.io/DCAT-AP/r5r/releases/3.0.0/voc/r5r.jsonld",
    "label": {
      "en": "r5r"
    }
  },
  "metadata": {
    "creationDate": "2025-09-12T13:50:07.616Z",
    "modificationDate": "2025-09-14T09:46:19.747Z"
  },
  "_version": 1,
  "_exportVersion": 1,
  "_exportedAt": "2025-09-14T09:50:05.816Z",
  "_exportedBy": "http://localhost:3100"
}