{
  "iri": "d54a372a-b13d-479f-b8d8-2ce4c9a06b25",
  "types": [
    "http://dataspecer.com/resources/local/package"
  ],
  "userMetadata": {
    "label": {
      "en": "Czech Core Metadata Model"
    },
    "description": {
      "en": "Application profile of Czech Core Metadata Model."
    }
  },
  "metadata": {
    "creationDate": "2025-11-02T09:49:19.028Z",
    "modificationDate": "2025-11-02T12:47:07.690Z"
  },
  "_version": 1,
  "_exportVersion": 1,
  "_exportedAt": "2025-11-02T12:47:38.749Z",
  "_exportedBy": "http://localhost:3100"
}