{
  "iri": "3260e14b-5890-4f52-bfdc-44baab428c53",
  "types": [
    "http://dataspecer.com/resources/v1/psm"
  ],
  "userMetadata": {
    "label": {
      "en": "Person",
      "cs": "Person"
    },
    "description": {
      "en": "Data structure for Person. Physical person. ",
      "cs": "Datová struktura pro Person. Physical person. "
    }
  },
  "metadata": {
    "creationDate": "2025-11-02T09:49:33.379Z",
    "modificationDate": "2025-11-02T12:38:16.777Z"
  },
  "_version": 1,
  "_exportVersion": 1,
  "_exportedAt": "2025-11-02T12:47:38.745Z",
  "_exportedBy": "http://localhost:3100"
}