{
  "iri": "3e8b2ebc-9186-46f0-9dc3-21a4ef344027",
  "types": [
    "http://dataspecer.com/resources/v1/psm"
  ],
  "userMetadata": {
    "label": {
      "cs": "Address",
      "en": "Address"
    },
    "description": {
      "cs": "Datová struktura pro Address. An \"address representation\" as conceptually defined by the INSPIRE Address Representation data type. The locn:addressId property may be used to link this locn:Address to other representations.",
      "en": "Data structure for Address. An \"address representation\" as conceptually defined by the INSPIRE Address Representation data type. The locn:addressId property may be used to link this locn:Address to other representations."
    }
  },
  "metadata": {
    "creationDate": "2025-11-02T09:49:22.066Z",
    "modificationDate": "2025-11-02T12:38:21.751Z"
  },
  "_version": 1,
  "_exportVersion": 1,
  "_exportedAt": "2025-11-02T12:47:38.646Z",
  "_exportedBy": "http://localhost:3100"
}