{
  "iri": "6bd745af-c5eb-4b89-8679-248e67f53ab7",
  "types": [
    "http://dataspecer.com/resources/v1/psm"
  ],
  "userMetadata": {
    "label": {
      "en": "Time instant",
      "cs": "Time instant"
    },
    "description": {
      "en": "Data structure for Time instant. A temporal entity with zero extent or duration.",
      "cs": "Datová struktura pro Time instant. A temporal entity with zero extent or duration."
    }
  },
  "metadata": {
    "creationDate": "2025-11-02T09:49:26.025Z",
    "modificationDate": "2025-11-02T12:38:16.245Z"
  },
  "_version": 1,
  "_exportVersion": 1,
  "_exportedAt": "2025-11-02T12:47:38.675Z",
  "_exportedBy": "http://localhost:3100"
}