{
  "iri": "705d6938-ccbf-437c-896a-25a16bdccb58",
  "types": [
    "http://dataspecer.com/resources/v1/psm"
  ],
  "userMetadata": {
    "label": {
      "en": "Time interval",
      "cs": "Time interval"
    },
    "description": {
      "en": "Data structure for Time interval. A temporal entity with an extent or duration",
      "cs": "Datová struktura pro Time interval. A temporal entity with an extent or duration"
    }
  },
  "metadata": {
    "creationDate": "2025-11-02T09:49:26.174Z",
    "modificationDate": "2025-11-02T12:38:16.247Z"
  },
  "_version": 1,
  "_exportVersion": 1,
  "_exportedAt": "2025-11-02T12:47:38.676Z",
  "_exportedBy": "http://localhost:3100"
}