{
  "iri": "7e9b053a-8194-4b1d-8eb1-0b9b8f6b11e4",
  "types": [
    "http://dataspecer.com/resources/v1/psm"
  ],
  "userMetadata": {
    "label": {
      "en": "Time reference",
      "cs": "Time reference"
    },
    "description": {
      "en": "Data structure for Time reference. An object representing time reference relevant to some event related to the resource has happened.",
      "cs": "Datová struktura pro Time reference. An object representing time reference relevant to some event related to the resource has happened."
    }
  },
  "metadata": {
    "creationDate": "2025-11-02T11:35:20.967Z",
    "modificationDate": "2025-11-02T12:38:16.356Z"
  },
  "_version": 1,
  "_exportVersion": 1,
  "_exportedAt": "2025-11-02T12:47:38.749Z",
  "_exportedBy": "http://localhost:3100"
}