{
  "iri": "adb6cc6f-b5c9-406c-9c32-18b898718ed8",
  "types": [
    "http://dataspecer.com/resources/v1/psm"
  ],
  "userMetadata": {
    "label": {
      "en": "Resource relation type",
      "cs": "Resource relation type"
    },
    "description": {
      "en": "Data structure for Resource relation type. Type of the relation between the dataset and given resource.",
      "cs": "Datová struktura pro Resource relation type. Type of the relation between the dataset and given resource."
    }
  },
  "metadata": {
    "creationDate": "2025-11-02T09:49:24.355Z",
    "modificationDate": "2025-11-02T12:38:22.805Z"
  },
  "_version": 1,
  "_exportVersion": 1,
  "_exportedAt": "2025-11-02T12:47:38.663Z",
  "_exportedBy": "http://localhost:3100"
}