{
  "iri": "d54a372a-b13d-479f-b8d8-2ce4c9a06b25/fda4bd64-1634-45a4-a39e-ebaa365be8c9",
  "types": [
    "http://dataspecer.com/resources/local/package"
  ],
  "userMetadata": {
    "label": {
      "en": "DataCite"
    },
    "description": {},
    "importedFromUrl": "https://michalmed.github.io/DataCite/en/",
    "documentBaseUrl": "https://michalmed.github.io/DataCite/en/"
  },
  "metadata": {
    "creationDate": "2025-11-02T09:49:32.965Z",
    "modificationDate": "2025-11-02T12:47:06.806Z"
  },
  "_version": 1,
  "_exportVersion": 1,
  "_exportedAt": "2025-11-02T12:47:38.743Z",
  "_exportedBy": "http://localhost:3100"
}